level_0,level_1,level_2,level_3,
"","","","",
"1","","","",
"1","10","","",
"1","10","100","",
"1","10","101","",
"1","10","102","",
"1","11","","",
"1","11","110","",
"1","11","111","",
"1","11","112","",
"1","11","113","",
"1","11","114","",
"1","11","115","",
"1","11","116","",
"1","11","117","",
"1","13","","",
"1","13","130","",
"1","16","","",
"1","16","160","",
"1","16","161","",
"1","17","","",
"1","17","170","",
"1","17","171","",
"1","17","179","",
"1","18","","",
"1","19","","",
"2","","","",
"2","21","","",
"2","21","210","",
"2","22","","",
"2","22","220","22000",
"2","22","220","22001",
"2","22","220","22002",
"2","22","220","22003",
"2","22","220","22004",
"2","22","220","22005",
"2","22","220","22006",
"2","22","220","22007",
"2","22","220","22008",
"2","22","220","22009",
"2","26","","",
"2","26","260","",
"2","26","261","",
"2","27","","",
"2","27","270","",
"2","28","","",
"2","29","","",
"2","29","290","",
"2","29","291","",
"2","29","292","",
"2","29","293","",
"2","29","294","",
"2","29","295","",
"2","29","296","",
"2","29","299","",
"3","","","",
"3","30","","",
"3","30","300","",
"3","30","301","",
"3","30","302","",
"3","30","303","",
"3","30","304","",
"3","30","309","",
"3","31","","",
"3","31","310","",
"3","31","311","",
"3","31","312","",
"3","31","313","",
"3","31","319","",
"3","32","","",
"3","32","320","",
"3","32","321","",
"3","32","322","",
"3","32","323","",
"3","32","324","",
"3","32","325","",
"3","32","326","",
"3","32","329","",
"3","33","","",
"3","33","330","",
"3","33","331","",
"3","33","332","",
"3","33","333","",
"3","33","334","",
"3","33","335","",
"3","33","336","",
"3","33","337","",
"3","33","338","",
"3","33","339","",
"3","34","","",
"3","34","340","",
"3","34","341","",
"3","34","342","",
"3","34","343","",
"3","34","344","",
"3","34","345","",
"3","34","349","",
"3","35","","",
"3","35","350","",
"3","35","351","",
"3","36","","",
"3","38","","",
"3","38","380","",
"3","38","389","",
"3","39","","",
"3","39","391","39100",
"3","39","391","39110",
"3","39","391","39120",
"3","39","391","39190",
"3","39","391","39190",
"3","39","392","39200",
"3","39","392","39210",
"3","39","392","39211",
"3","39","393","",
"3","39","394","",
"3","39","395","",
"3","39","396","39600",
"3","39","396","39610",
"3","39","397","39700",
"3","39","397","39710",
"3","39","398","",
"3","39","399","",
"4","","","",
"4","40","","",
"4","41","","",
"4","42","","",
"4","42","420","42000",
"4","42","420","42010",
"4","42","420","42020",
"4","42","420","42090",
"4","42","421","42100",
"4","42","421","42190",
"4","42","422","",
"4","42","423","42300",
"4","42","423","42390",
"4","43","","",
"4","44","","",
"4","44","440","",
"4","44","441","",
"4","45","","",
"4","45","450","45000",
"4","45","450","45001",
"4","45","450","45002",
"4","45","450","45030",
"4","45","450","45050",
"4","45","450","45060",
"4","45","450","45080",
"4","45","451","",
"4","45","452","",
"4","45","453","",
"4","46","","",
"4","46","461","",
"4","46","462","",
"4","46","463","",
"4","46","464","",
"4","46","465","",
"4","46","466","",
"4","46","467","",
"4","46","468","",
"4","47","","",
"4","48","","",
"4","49","","",
"4","49","490","",
"4","49","491","",
"4","49","492","",
"4","49","493","",
"4","49","494","",
"4","49","495","",
"4","49","496","",
"4","49","497","",
"4","49","499","",
"5","","","",
"5","50","","",
"5","50","500","",
"5","50","501","",
"5","50","504","",
"5","50","505","",
"5","50","506","",
"5","50","507","",
"5","51","","",
"5","51","511","",
"5","51","514","",
"5","51","518","",
"5","52","","",
"5","53","","",
"5","53","531","",
"5","53","534","53400",
"5","53","534","53410",
"5","53","537","",
"5","54","","",
"5","54","541","",
"5","54","542","",
"5","54","544","",
"5","54","549","",
"5","55","","",
"5","55","550","",
"5","55","551","",
"5","55","552","",
"5","55","553","",
"5","55","554","55400",
"5","55","554","55410",
"5","55","555","",
"5","55","559","",
"5","59","","",
"5","59","591","",
"5","59","592","",
"5","59","599","",
"6","","","",
"6","60","","",
"6","60","600","",
"6","60","601","",
"6","60","602","",
"6","60","603","",
"6","60","609","",
"6","61","","",
"6","61","611","",
"6","61","612","",
"6","61","619","",
"6","68","","",
"6","68","680","",
"7","","","",
"7","70","","",
"7","71","","",
"7","72","","",
"7","72","720","",
"7","72","721","72100",
"7","72","721","72190",
"7","72","722","",
"7","72","723","72300",
"7","72","723","72390",
"7","73","","",
"7","74","","",
"7","74","740","",
"7","74","741","",
"7","75","","",
"7","75","750","75000",
"7","75","750","75002",
"7","75","750","75030",
"7","75","750","75050",
"7","75","750","75060",
"7","75","750","75080",
"7","75","751","",
"7","75","752","",
"7","75","753","",
"7","76","","",
"7","76","761","",
"7","76","762","",
"7","76","763","",
"7","76","764","",
"7","76","765","",
"7","76","766","",
"7","76","767","",
"7","76","768","",
"7","77","","",
"7","78","","",
"7","79","","",
"7","79","790","",
"7","79","791","",
"7","79","792","",
"7","79","793","",
"7","79","794","",
"7","79","795","",
"7","79","796","",
"7","79","797","",
"7","79","799","",
"8","","","",
"8","80","","",
"8","80","800","80000",
"8","80","800","80010",
"8","80","800","80020",
"8","80","801","80100",
"8","80","801","80110",
"8","80","801","80120",
"8","81","","",
"8","81","810","",
"8","81","811","",
"8","82","","",
"8","82","820","82000",
"8","82","820","82010",
"8","82","820","82020",
"8","82","821","82100",
"8","82","821","82110",
"8","82","821","82120",
"8","83","","",
"8","83","830","",
"8","83","831","",
"8","84","","",
"8","84","840","",
"8","84","841","",
"8","85","","",
"8","86","","",
"8","87","","",
"8","87","870","87000",
"8","87","870","87010",
"9","","","",
"9","90","","",
"9","90","900","",
"9","90","901","",
"9","91","","",
"9","91","910","",
"9","91","911","",
"9","91","912","",
"9","91","913","",
"9","92","","",
"9","92","920","",
"9","92","921","",
"9","93","","",
"9","93","930","",
"9","93","931","",
"9","94","","",
"9","94","940","",
"9","94","941","",
